药物英文,药物中文,骨轴,方向,PMID,文献标题,是否在LINCS,LINCS名称,检索词
alendronate,阿仑膦酸钠,破骨,抑制,40360512,FABP4 inhibition suppresses bone resorption and protects against postmenopausal osteoporosis in ovariectomized mice.,是,alendronic-acid,"""alendronate"" AND (osteoclastogenesis AND (inhibit* OR suppress*))"
zoledronic-acid,唑来膦酸,破骨,抑制,41271711,Microenvironment-responsive multifunctional enzyme-linked hydrogel for diabetic bone defect regeneration.,是,zoledronic-acid,"""zoledronic-acid"" AND (osteoclastogenesis AND (inhibit* OR suppress*))"
risedronate,利塞膦酸钠,破骨,抑制,29179892,Update on osteoporosis treatment.,是,risedronate,"""risedronate"" AND (osteoclastogenesis AND (inhibit* OR suppress*))"
ibandronic-acid,伊班膦酸钠,破骨,抑制,32276287,Bisphosphonates inhibit surface-mediated osteogenesis.,是,ibandronic-acid,"""ibandronic-acid"" AND (osteoclastogenesis AND (inhibit* OR suppress*))"
odanacatib,奥当卡替,破骨,抑制,25204309,Biological agents in management of osteoporosis.,是,odanacatib,"""odanacatib"" AND (osteoclastogenesis AND (inhibit* OR suppress*))"
raloxifene,雷洛昔芬,破骨,抑制,24964310,Pharmacological management of osteogenesis.,是,raloxifene,"""raloxifene"" AND (osteoclastogenesis AND (inhibit* OR suppress*))"
tamoxifen,他莫昔芬,破骨,抑制,41317982,Osteocytic FSH inhibition rescues bone mass and boosts fracture healing in ovariectomized mice.,是,tamoxifen,"""tamoxifen"" AND (osteoclastogenesis AND (inhibit* OR suppress*))"
estradiol,雌二醇,破骨,抑制,38547625,Luteolin rescues postmenopausal osteoporosis elicited by OVX through alleviating osteoblast pyroptosis via activating PI3K-AKT signaling.,是,estradiol,"""estradiol"" AND (osteoclastogenesis AND (inhibit* OR suppress*))"
estradiol,雌二醇,成骨,促进,38547625,Luteolin rescues postmenopausal osteoporosis elicited by OVX through alleviating osteoblast pyroptosis via activating PI3K-AKT signaling.,是,estradiol,"""estradiol"" AND (osteogenesis AND (promot* OR stimulat* OR enhance*))"
simvastatin,辛伐他汀,成骨,促进,33877804,Simvastatin-Incorporated Drug Delivery Systems for Bone Regeneration.,是,simvastatin,"""simvastatin"" AND (osteogenesis AND (promot* OR stimulat* OR enhance*))"
simvastatin,辛伐他汀,破骨,抑制,24117880,Simvastatin inhibits lipopolysaccharide-induced osteoclastogenesis and reduces alveolar bone loss in experimental periodontal disease.,是,simvastatin,"""simvastatin"" AND (osteoclastogenesis AND (inhibit* OR suppress*))"
simvastatin,辛伐他汀,成脂,抑制,31394503,Simvastatin downregulates adipogenesis in 3T3-L1 preadipocytes and orbital fibroblasts from Graves' ophthalmopathy patients.,是,simvastatin,"""simvastatin"" AND (adipogenesis AND (inhibit* OR suppress*))"
simvastatin,辛伐他汀,骨细胞,抑制,36276721,The impact of medication on osseointegration and implant anchorage in bone determined using removal torque-A review.,是,simvastatin,"""simvastatin"" AND (sclerostin AND (decrease* OR inhibit* OR suppress*))"
metformin,二甲双胍,成骨,促进,41216378,Versatile smart hydrogels for spatiotemporal drug delivery to orchestrate diabetic bone regeneration.,是,metformin,"""metformin"" AND (osteogenesis AND (promot* OR stimulat* OR enhance*))"
metformin,二甲双胍,破骨,抑制,41216378,Versatile smart hydrogels for spatiotemporal drug delivery to orchestrate diabetic bone regeneration.,是,metformin,"""metformin"" AND (osteoclastogenesis AND (inhibit* OR suppress*))"
metformin,二甲双胍,成脂,抑制,39287850,"Lipid Storage, Lipolysis, and Lipotoxicity in Obesity.",是,metformin,"""metformin"" AND (adipogenesis AND (inhibit* OR suppress*))"
dexamethasone,地塞米松,成骨,抑制,26868907,Fate decision of mesenchymal stem cells: adipocytes or osteoblasts?,是,dexamethasone,"""dexamethasone"" AND (osteogenesis AND (inhibit* OR suppress* OR impair*))"
dexamethasone,地塞米松,破骨,促进,38106447,Therapeutic Effects of Mechanical Stress-Induced C2C12-Derived Exosomes on Glucocorticoid-Induced Osteoporosis Through miR-92a-3p/PTEN/AKT Signaling Pathway.,是,dexamethasone,"""dexamethasone"" AND (osteoclastogenesis AND (promot* OR induc* OR stimulat*))"
dexamethasone,地塞米松,成脂,促进,26868907,Fate decision of mesenchymal stem cells: adipocytes or osteoblasts?,是,dexamethasone,"""dexamethasone"" AND (adipogenesis AND (promot* OR induc* OR stimulat*))"
dexamethasone,地塞米松,软骨,促进,35228996,Periosteum and development of the tissue-engineered periosteum for guided bone regeneration.,是,dexamethasone,"""dexamethasone"" AND (chondrogenesis AND (promot* OR induc* OR stimulat*))"
dexamethasone,地塞米松,骨细胞,促进,39641269,The pivotal role of the Hes1/Piezo1 pathway in the pathophysiology of glucocorticoid-induced osteoporosis.,是,dexamethasone,"""dexamethasone"" AND (sclerostin AND (increase* OR induc* OR upregulat*))"
prednisolone,泼尼松龙,成骨,抑制,39831839,Glucocorticoids Alter Bone Microvascular Barrier via MAPK/Connexin43 Mechanisms.,是,prednisolone,"""prednisolone"" AND (osteogenesis AND (inhibit* OR suppress* OR impair*))"
prednisolone,泼尼松龙,破骨,促进,24870833,[Glucocorticoid and bone].,是,prednisolone,"""prednisolone"" AND (osteoclastogenesis AND (promot* OR induc* OR stimulat*))"
prednisolone,泼尼松龙,成脂,促进,41431178,RUNX2 Activation in Fibro/Adipogenic Progenitors Promotes Muscle Fibrosis in Muscular Dystrophy.,是,prednisolone,"""prednisolone"" AND (adipogenesis AND (promot* OR induc* OR stimulat*))"
prednisolone,泼尼松龙,骨细胞,促进,39552045,Comparison of Efficacy of Romosozumab With Denosumab and Risedronate in Patients Newly Initiating Glucocorticoid Therapy.,是,prednisolone,"""prednisolone"" AND (sclerostin AND (increase* OR induc* OR upregulat*))"
rosiglitazone,罗格列酮,成脂,促进,39951006,The Placenta Regulates Intrauterine Fetal Growth via Exosomal PPARγ.,是,rosiglitazone,"""rosiglitazone"" AND (adipogenesis AND (promot* OR induc* OR stimulat*))"
rosiglitazone,罗格列酮,成骨,抑制,39947516,Uncovering mechanisms of thiazolidinediones on osteogenesis and adipogenesis using spatial fluxomics.,是,rosiglitazone,"""rosiglitazone"" AND (osteogenesis AND (inhibit* OR suppress* OR impair*))"
rosiglitazone,罗格列酮,破骨,促进,39947516,Uncovering mechanisms of thiazolidinediones on osteogenesis and adipogenesis using spatial fluxomics.,是,rosiglitazone,"""rosiglitazone"" AND (osteoclastogenesis AND (promot* OR induc* OR stimulat*))"
pioglitazone,吡格列酮,成脂,促进,20923525,Diabetes and skeletal health.,是,pioglitazone,"""pioglitazone"" AND (adipogenesis AND (promot* OR induc* OR stimulat*))"
pioglitazone,吡格列酮,成骨,抑制,39227917,BRCC36 regulates β-catenin ubiquitination to alleviate vascular calcification in chronic kidney disease.,是,pioglitazone,"""pioglitazone"" AND (osteogenesis AND (inhibit* OR suppress* OR impair*))"
pioglitazone,吡格列酮,破骨,促进,39227917,BRCC36 regulates β-catenin ubiquitination to alleviate vascular calcification in chronic kidney disease.,是,pioglitazone,"""pioglitazone"" AND (osteoclastogenesis AND (promot* OR induc* OR stimulat*))"
indomethacin,吲哚美辛,成脂,促进,39004236,Modulation of adipogenesis and lipogenesis by indomethacin and pantoprazole.,否,,"""indomethacin"" AND (adipogenesis AND (promot* OR induc* OR stimulat*))"
indomethacin,吲哚美辛,成骨,抑制,31166414,Periapical bone response to bacterial lipopolysaccharide is shifted upon cyclooxygenase blockage.,否,,"""indomethacin"" AND (osteogenesis AND (inhibit* OR suppress* OR impair*))"
3-isobutyl-1-methylxanthine,3-异丁基-1-甲基黄嘌呤(IBMX),成脂,促进,31069877,Adipogenesis induces growth inhibition of dedifferentiated liposarcoma.,是,IBMX,"""3-isobutyl-1-methylxanthine"" AND (adipogenesis AND (promot* OR induc* OR stimulat*))"
curcumin,姜黄素,成骨,促进,38424439,A DNA tetrahedron-based ferroptosis-suppressing nanoparticle: superior delivery of curcumin and alleviation of diabetic osteoporosis.,是,curcumin,"""curcumin"" AND (osteogenesis AND (promot* OR stimulat* OR enhance*))"
curcumin,姜黄素,破骨,抑制,38424439,A DNA tetrahedron-based ferroptosis-suppressing nanoparticle: superior delivery of curcumin and alleviation of diabetic osteoporosis.,是,curcumin,"""curcumin"" AND (osteoclastogenesis AND (inhibit* OR suppress*))"
curcumin,姜黄素,成脂,抑制,40886657,Nanosphere loaded with curcumin attenuates adipogenesis and lipid metabolism by modulating AKT/mTORC1/PPARγ phosphorylation.,是,curcumin,"""curcumin"" AND (adipogenesis AND (inhibit* OR suppress*))"
resveratrol,白藜芦醇,成骨,促进,40999873,The Sirt1-Piezo1 Axis Promotes Bone Formation and Repair in Mice.,是,resveratrol,"""resveratrol"" AND (osteogenesis AND (promot* OR stimulat* OR enhance*))"
resveratrol,白藜芦醇,破骨,抑制,41636297,Retraction Note.,是,resveratrol,"""resveratrol"" AND (osteoclastogenesis AND (inhibit* OR suppress*))"
resveratrol,白藜芦醇,成脂,抑制,20803522,Phytochemicals and adipogenesis.,是,resveratrol,"""resveratrol"" AND (adipogenesis AND (inhibit* OR suppress*))"
quercetin,槲皮素,成骨,促进,40075491,Injectable hydrogels with ROS-triggered drug release enable the co-delivery of antibacterial agent and anti-inflammatory nanoparticle for periodontitis treatment.,是,quercetin,"""quercetin"" AND (osteogenesis AND (promot* OR stimulat* OR enhance*))"
quercetin,槲皮素,破骨,抑制,40075491,Injectable hydrogels with ROS-triggered drug release enable the co-delivery of antibacterial agent and anti-inflammatory nanoparticle for periodontitis treatment.,是,quercetin,"""quercetin"" AND (osteoclastogenesis AND (inhibit* OR suppress*))"
quercetin,槲皮素,成脂,抑制,30907060,Targeting senescent cells alleviates obesity-induced metabolic dysfunction.,是,quercetin,"""quercetin"" AND (adipogenesis AND (inhibit* OR suppress*))"
genistein,染料木素,成骨,促进,22777826,Functions and action mechanisms of flavonoids genistein and icariin in regulating bone remodeling.,是,genistein,"""genistein"" AND (osteogenesis AND (promot* OR stimulat* OR enhance*))"
genistein,染料木素,破骨,抑制,36005299,Nanoemulsified Genistein and Vitamin D Mediated Epigenetic Regulation to Inhibit Osteoporosis.,是,genistein,"""genistein"" AND (osteoclastogenesis AND (inhibit* OR suppress*))"
genistein,染料木素,成脂,抑制,20803522,Phytochemicals and adipogenesis.,是,genistein,"""genistein"" AND (adipogenesis AND (inhibit* OR suppress*))"
daidzein,大豆苷元,成骨,促进,37868048,Daidzein alleviates osteoporosis by promoting osteogenesis and angiogenesis coupling.,是,daidzein,"""daidzein"" AND (osteogenesis AND (promot* OR stimulat* OR enhance*))"
daidzein,大豆苷元,破骨,抑制,40860437,Maternal gut microbiota-derived daidzein prevents osteoporosis in female offspring following prenatal prednisone exposure.,是,daidzein,"""daidzein"" AND (osteoclastogenesis AND (inhibit* OR suppress*))"
daidzein,大豆苷元,成脂,抑制,15068509,The balance between concurrent activation of ERs and PPARs determines daidzein-induced osteogenesis and adipogenesis.,是,daidzein,"""daidzein"" AND (adipogenesis AND (inhibit* OR suppress*))"
icariin,淫羊藿苷,成骨,促进,38649969,Promoting osteogenesis and bone regeneration employing icariin-loaded nanoplatforms.,是,icariin,"""icariin"" AND (osteogenesis AND (promot* OR stimulat* OR enhance*))"
icariin,淫羊藿苷,破骨,抑制,37716031,Icariin inhibits prostate cancer bone metastasis and destruction via suppressing TAM/CCL5-mediated osteoclastogenesis.,是,icariin,"""icariin"" AND (osteoclastogenesis AND (inhibit* OR suppress*))"
icariin,淫羊藿苷,成脂,抑制,36781592,Traditional Chinese medicine in thyroid-associated orbitopathy.,是,icariin,"""icariin"" AND (adipogenesis AND (inhibit* OR suppress*))"
icariin,淫羊藿苷,软骨,促进,35228996,Periosteum and development of the tissue-engineered periosteum for guided bone regeneration.,是,icariin,"""icariin"" AND (chondrogenesis AND (promot* OR induc* OR stimulat*))"
berberine,小檗碱,成骨,促进,40585975,Bioinspired nano-micron hydrogel microspheres for periodontitis therapy through synergistic multi-targeted remodeling of microenvironment.,是,berberine,"""berberine"" AND (osteogenesis AND (promot* OR stimulat* OR enhance*))"
berberine,小檗碱,破骨,抑制,38551844,Corynoline Suppresses Osteoclastogenesis and Attenuates ROS Activities by Regulating NF-κB/MAPKs and Nrf2 Signaling Pathways.,是,berberine,"""berberine"" AND (osteoclastogenesis AND (inhibit* OR suppress*))"
berberine,小檗碱,成脂,抑制,40506769,Berberine as a multi-target therapeutic agent for obesity: from pharmacological mechanisms to clinical evidence.,是,berberine,"""berberine"" AND (adipogenesis AND (inhibit* OR suppress*))"
naringin,柚皮苷,成骨,促进,34525226,Naringin promotes osteogenesis and ameliorates osteoporosis development by targeting JAK2/STAT3 signalling.,是,naringin,"""naringin"" AND (osteogenesis AND (promot* OR stimulat* OR enhance*))"
naringin,柚皮苷,破骨,抑制,37175126,The Development of Naringin for Use against Bone and Cartilage Disorders.,是,naringin,"""naringin"" AND (osteoclastogenesis AND (inhibit* OR suppress*))"
naringin,柚皮苷,成脂,抑制,34313040,Restoration of the adipogenic gene expression by naringenin and naringin in 3T3-L1 adipocytes.,是,naringin,"""naringin"" AND (adipogenesis AND (inhibit* OR suppress*))"
naringin,柚皮苷,软骨,促进,36043510,A naringin-derived bioink enhances the shape fidelity of 3D bioprinting and efficiency of cartilage defect repair.,是,naringin,"""naringin"" AND (chondrogenesis AND (promot* OR induc* OR stimulat*))"
kaempferol,山奈酚,成骨,促进,34887836,"Flavonoids: Classification, Function, and Molecular Mechanisms Involved in Bone Remodelling.",是,kaempferol,"""kaempferol"" AND (osteogenesis AND (promot* OR stimulat* OR enhance*))"
kaempferol,山奈酚,破骨,抑制,31631974,The Osteoprotective Effects Of Kaempferol: The Evidence From In Vivo And In Vitro Studies.,是,kaempferol,"""kaempferol"" AND (osteoclastogenesis AND (inhibit* OR suppress*))"
kaempferol,山奈酚,成脂,抑制,33152931,"Pomegranate flower extract bidirectionally regulates the proliferation, differentiation and apoptosis of 3T3-L1 cells through regulation of PPARγ expression mediated by PI3K-AKT signaling pathway.",是,kaempferol,"""kaempferol"" AND (adipogenesis AND (inhibit* OR suppress*))"
luteolin,木犀草素,成骨,促进,38547625,Luteolin rescues postmenopausal osteoporosis elicited by OVX through alleviating osteoblast pyroptosis via activating PI3K-AKT signaling.,是,luteolin,"""luteolin"" AND (osteogenesis AND (promot* OR stimulat* OR enhance*))"
luteolin,木犀草素,破骨,抑制,38547625,Luteolin rescues postmenopausal osteoporosis elicited by OVX through alleviating osteoblast pyroptosis via activating PI3K-AKT signaling.,是,luteolin,"""luteolin"" AND (osteoclastogenesis AND (inhibit* OR suppress*))"
luteolin,木犀草素,成脂,抑制,33152931,"Pomegranate flower extract bidirectionally regulates the proliferation, differentiation and apoptosis of 3T3-L1 cells through regulation of PPARγ expression mediated by PI3K-AKT signaling pathway.",是,luteolin,"""luteolin"" AND (adipogenesis AND (inhibit* OR suppress*))"
apigenin,芹菜素,成骨,促进,40827276,The Protective Activity of Apigenin Against Bone and Cartilage Diseases.,是,apigenin,"""apigenin"" AND (osteogenesis AND (promot* OR stimulat* OR enhance*))"
apigenin,芹菜素,破骨,抑制,40827276,The Protective Activity of Apigenin Against Bone and Cartilage Diseases.,是,apigenin,"""apigenin"" AND (osteoclastogenesis AND (inhibit* OR suppress*))"
apigenin,芹菜素,成脂,抑制,33152931,"Pomegranate flower extract bidirectionally regulates the proliferation, differentiation and apoptosis of 3T3-L1 cells through regulation of PPARγ expression mediated by PI3K-AKT signaling pathway.",是,apigenin,"""apigenin"" AND (adipogenesis AND (inhibit* OR suppress*))"
epigallocatechin gallate,表没食子儿茶素没食子酸酯(EGCG),成骨,促进,40520560,"Multifunctional injectable hydrogel incorporating EGCG-Cu complexes for synergistic antibacterial, immunomodulatory, and osteogenic therapy in periodontitis.",是,catechin,"""epigallocatechin gallate"" AND (osteogenesis AND (promot* OR stimulat* OR enhance*))"
epigallocatechin gallate,表没食子儿茶素没食子酸酯(EGCG),破骨,抑制,36307395,Epigallocatechin-3-gallate inhibits osteoclastic differentiation by modulating mitophagy and mitochondrial functions.,是,catechin,"""epigallocatechin gallate"" AND (osteoclastogenesis AND (inhibit* OR suppress*))"
epigallocatechin gallate,表没食子儿茶素没食子酸酯(EGCG),成脂,抑制,34101546,Garcinia cambogia attenuates adipogenesis by affecting CEBPB and SQSTM1/p62-mediated selective autophagic degradation of KLF3 through RPS6KA1 and STAT3 suppression.,是,catechin,"""epigallocatechin gallate"" AND (adipogenesis AND (inhibit* OR suppress*))"
sulforaphane,萝卜硫素,成骨,促进,38176266,Mangiferin attenuates osteoporosis by inhibiting osteoblastic ferroptosis through Keap1/Nrf2/SLC7A11/GPX4 pathway.,是,sulforaphane,"""sulforaphane"" AND (osteogenesis AND (promot* OR stimulat* OR enhance*))"
sulforaphane,萝卜硫素,破骨,抑制,38176266,Mangiferin attenuates osteoporosis by inhibiting osteoblastic ferroptosis through Keap1/Nrf2/SLC7A11/GPX4 pathway.,是,sulforaphane,"""sulforaphane"" AND (osteoclastogenesis AND (inhibit* OR suppress*))"
sulforaphane,萝卜硫素,成脂,抑制,35096424,Comparative Effects of Sulforaphane and Allyl Isothiocyanate on 3T3-L1 Adipogenesis.,是,sulforaphane,"""sulforaphane"" AND (adipogenesis AND (inhibit* OR suppress*))"
tanshinone-iia,丹参酮IIA,成骨,促进,39129299,Tanshinone IIA promotes osteogenic differentiation potential and suppresses adipogenic differentiation potential of bone marrow mesenchymal stem cells.,是,tanshinone-iia,"""tanshinone-iia"" AND (osteogenesis AND (promot* OR stimulat* OR enhance*))"
tanshinone-iia,丹参酮IIA,破骨,抑制,29887959,Tanshinone IIA attenuates osteoclastogenesis in ovariectomized mice by inactivating NF-kB and Akt signaling pathways.,是,tanshinone-iia,"""tanshinone-iia"" AND (osteoclastogenesis AND (inhibit* OR suppress*))"
tanshinone-iia,丹参酮IIA,成脂,抑制,36781592,Traditional Chinese medicine in thyroid-associated orbitopathy.,是,tanshinone-iia,"""tanshinone-iia"" AND (adipogenesis AND (inhibit* OR suppress*))"
melatonin,褪黑素,成骨,促进,35273570,Melatonin Accelerates Osteoporotic Bone Defect Repair by Promoting Osteogenesis-Angiogenesis Coupling.,是,melatonin,"""melatonin"" AND (osteogenesis AND (promot* OR stimulat* OR enhance*))"
melatonin,褪黑素,破骨,抑制,34502344,Melatonin Inhibits Osteoclastogenesis and Osteolytic Bone Metastasis: Implications for Osteoporosis.,是,melatonin,"""melatonin"" AND (osteoclastogenesis AND (inhibit* OR suppress*))"
melatonin,褪黑素,成脂,抑制,40701316,Melatonin inhibits adipogenesis and enhances osteogenesis of BMSCs through increasing KLF5 expression.,是,melatonin,"""melatonin"" AND (adipogenesis AND (inhibit* OR suppress*))"
lithium-chloride,氯化锂,成骨,促进,26303458,Lithium Chloride Modulates Adipogenesis and Osteogenesis of Human Bone Marrow-Derived Mesenchymal Stem Cells.,是,lithium-chloride,"""lithium-chloride"" AND (osteogenesis AND (promot* OR stimulat* OR enhance*))"
lithium-chloride,氯化锂,软骨,促进,31147532,Lithium Chloride-Releasing 3D Printed Scaffold for Enhanced Cartilage Regeneration.,是,lithium-chloride,"""lithium-chloride"" AND (chondrogenesis AND (promot* OR induc* OR stimulat*))"
lithium-chloride,氯化锂,成脂,抑制,26303458,Lithium Chloride Modulates Adipogenesis and Osteogenesis of Human Bone Marrow-Derived Mesenchymal Stem Cells.,是,lithium-chloride,"""lithium-chloride"" AND (adipogenesis AND (inhibit* OR suppress*))"
lithium-chloride,氯化锂,骨细胞,抑制,27257912,Procaine Inhibits Osteo/Odontogenesis through Wnt/β-Catenin Inactivation.,是,lithium-chloride,"""lithium-chloride"" AND (sclerostin AND (decrease* OR inhibit* OR suppress*))"
ascorbic-acid,维生素C,成骨,促进,38063255,Role of vitamins beyond vitamin D(3) in bone health and osteoporosis (Review).,是,ascorbic-acid,"""ascorbic-acid"" AND (osteogenesis AND (promot* OR stimulat* OR enhance*))"
ascorbic-acid,维生素C,软骨,促进,37381608,Ascorbic acid enhances chondrocyte differentiation of ATDC5 by accelerating insulin receptor signaling.,是,ascorbic-acid,"""ascorbic-acid"" AND (chondrogenesis AND (promot* OR induc* OR stimulat*))"
ascorbic-acid,维生素C,MSC,促进,31426798,Autophagy drives osteogenic differentiation of human gingival mesenchymal stem cells.,是,ascorbic-acid,"""ascorbic-acid"" AND (mesenchymal stem cells AND osteogenic differentiation AND (promot* OR enhanc*))"
retinoic acid,视黄酸,成骨,促进,23990565,Nuclear lamin-A scales with tissue stiffness and enhances matrix-directed differentiation.,是,tretinoin,"""retinoic acid"" AND (osteogenesis AND (promot* OR stimulat* OR enhance*))"
retinoic acid,视黄酸,成脂,抑制,35171653,Antimicrobial production by perifollicular dermal preadipocytes is essential to the pathophysiology of acne.,是,tretinoin,"""retinoic acid"" AND (adipogenesis AND (inhibit* OR suppress*))"
retinoic acid,视黄酸,软骨,抑制,35384641,Palovarotene: First Approval.,是,tretinoin,"""retinoic acid"" AND (chondrogenesis AND (inhibit* OR suppress*))"
kartogenin,Kartogenin,软骨,促进,39888084,Tissue Mimetic Membranes for Healing Augmentation of Tendon-Bone Interface in Rotator Cuff Repair.,否,,"""kartogenin"" AND (chondrogenesis AND (promot* OR induc* OR stimulat*))"
cyclosporine,环孢素A,成骨,抑制,16286645,Calcineurin regulates bone formation by the osteoblast.,是,cyclosporin-a,"""cyclosporine"" AND (osteogenesis AND (inhibit* OR suppress* OR impair*))"
cyclosporine,环孢素A,破骨,促进,19233265,NFATc1 regulates lymphatic endothelial development.,是,cyclosporin-a,"""cyclosporine"" AND (osteoclastogenesis AND (promot* OR induc* OR stimulat*))"
tacrolimus,他克莫司,成骨,抑制,41170704,FKBP5 Regulates Osteogenesis of Human iPSC-Derived Mesenchymal Stem Cells via FKBP5-AKT-FOXO1 Pathway.,是,tacrolimus,"""tacrolimus"" AND (osteogenesis AND (inhibit* OR suppress* OR impair*))"
tacrolimus,他克莫司,破骨,促进,41170704,FKBP5 Regulates Osteogenesis of Human iPSC-Derived Mesenchymal Stem Cells via FKBP5-AKT-FOXO1 Pathway.,是,tacrolimus,"""tacrolimus"" AND (osteoclastogenesis AND (promot* OR induc* OR stimulat*))"
puerarin,葛根素,成骨,促进,35636175,Puerarin improves OVX-induced osteoporosis by regulating phospholipid metabolism and biosynthesis of unsaturated fatty acids based on serum metabolomics.,否,,"""puerarin"" AND (osteogenesis AND (promot* OR stimulat* OR enhance*))"
puerarin,葛根素,破骨,抑制,35636175,Puerarin improves OVX-induced osteoporosis by regulating phospholipid metabolism and biosynthesis of unsaturated fatty acids based on serum metabolomics.,否,,"""puerarin"" AND (osteoclastogenesis AND (inhibit* OR suppress*))"
puerarin,葛根素,成脂,抑制,41212406,Puerarin suppress adipogenesis and inflammation on orbital fibroblasts from patients with thyroid eye disease.,否,,"""puerarin"" AND (adipogenesis AND (inhibit* OR suppress*))"
baicalin,黄芩苷,成骨,促进,36753285,Baicalin Nanocomplexes with an In Situ-Forming Biomimetic Gel Implant for Repair of Calvarial Bone Defects via Localized Sclerostin Inhibition.,是,baicalin,"""baicalin"" AND (osteogenesis AND (promot* OR stimulat* OR enhance*))"
baicalin,黄芩苷,破骨,抑制,42497522,Shen-Gu-Mai-Kang Formula alleviates CKD-associated vascular calcification by suppressing VSMC osteogenic transdifferentiation via the Sfrp2/β-catenin signaling.,是,baicalin,"""baicalin"" AND (osteoclastogenesis AND (inhibit* OR suppress*))"
baicalin,黄芩苷,软骨,促进,41669166,ROS-responsive adhesive nanocomposite hydrogel promotes tendon-to-bone healing by modulating the inflammatory microenvironment and pro-differentiation.,是,baicalin,"""baicalin"" AND (chondrogenesis AND (promot* OR induc* OR stimulat*))"
honokiol,和厚朴酚,成骨,促进,39557134,SIRT3 alleviates mitochondrial dysfunction and senescence in diabetes-associated periodontitis by deacetylating LRPPRC.,是,honokiol,"""honokiol"" AND (osteogenesis AND (promot* OR stimulat* OR enhance*))"
honokiol,和厚朴酚,破骨,抑制,39557134,SIRT3 alleviates mitochondrial dysfunction and senescence in diabetes-associated periodontitis by deacetylating LRPPRC.,是,honokiol,"""honokiol"" AND (osteoclastogenesis AND (inhibit* OR suppress*))"
biochanin-a,鹰嘴豆芽素A,成骨,促进,33007937,Cicer arietinum L. Sprouts' Influence on Mineralization of Saos-2 and Migration of MCF-7 Cells.,是,biochanin-a,"""biochanin-a"" AND (osteogenesis AND (promot* OR stimulat* OR enhance*))"
biochanin-a,鹰嘴豆芽素A,破骨,抑制,38191438,Biochanin A abrogates osteoclastogenesis in type 2 diabetic osteoporosis via regulating ROS/MAPK signaling pathway based on integrating molecular docking and experimental validation.,是,biochanin-a,"""biochanin-a"" AND (osteoclastogenesis AND (inhibit* OR suppress*))"
biochanin-a,鹰嘴豆芽素A,成脂,抑制,31007129,"Biochanin A prevents 2,3,7,8-tetrachlorodibenzo-p-dioxin-induced adipocyte dysfunction in cultured 3T3-L1 cells.",是,biochanin-a,"""biochanin-a"" AND (adipogenesis AND (inhibit* OR suppress*))"
ipriflavone,依普黄酮,成骨,促进,42535751,Retraction Note.,是,ipriflavone,"""ipriflavone"" AND (osteogenesis AND (promot* OR stimulat* OR enhance*))"
ipriflavone,依普黄酮,破骨,抑制,42535751,Retraction Note.,是,ipriflavone,"""ipriflavone"" AND (osteoclastogenesis AND (inhibit* OR suppress*))"
calcitriol,骨化三醇(维生素D3),成骨,促进,31880094,"1,25-Dihydroxyvitamin D protects against age-related osteoporosis by a novel VDR-Ezh2-p16 signal axis.",是,calcitriol,"""calcitriol"" AND (osteogenesis AND (promot* OR stimulat* OR enhance*))"
nicotine,尼古丁,成骨,抑制,38432393,Moscatilin inhibits vascular calcification by activating IL13RA2-dependent inhibition of STAT3 and attenuating the WNT3/β-catenin signalling pathway.,是,nicotine,"""nicotine"" AND (osteogenesis AND (inhibit* OR suppress* OR impair*))"
nicotine,尼古丁,破骨,促进,38432393,Moscatilin inhibits vascular calcification by activating IL13RA2-dependent inhibition of STAT3 and attenuating the WNT3/β-catenin signalling pathway.,是,nicotine,"""nicotine"" AND (osteoclastogenesis AND (promot* OR induc* OR stimulat*))"
homocysteine,同型半胱氨酸,成骨,抑制,29780142,Diabetes Mellitus-induced Bone Fragility.,否,,"""homocysteine"" AND (osteogenesis AND (inhibit* OR suppress* OR impair*))"
homocysteine,同型半胱氨酸,破骨,促进,29780142,Diabetes Mellitus-induced Bone Fragility.,否,,"""homocysteine"" AND (osteoclastogenesis AND (promot* OR induc* OR stimulat*))"
